{
    "pruebas": [
        {
            "wup": 0.8421052631578947,
            "lin": 1.4865951304068762e-299,
            "sde": 0.8175091595800918,
            "w2": "rowing",
            "w1": "car_racing",
            "path": 0.25
        },
        {
            "wup": 0.8235294117647058,
            "lin": 8.141917945115579e-300,
            "sde": 0.8157293861165157,
            "w2": "demotion",
            "w1": "reversal",
            "path": 0.25
        },
        {
            "wup": 0.9166666666666666,
            "lin": 1,
            "sde": 0.8186485980896316,
            "w2": "material_breach",
            "w1": "anticipatory_breach",
            "path": 0.3333333333333333
        }
    ]
}